"","Metabolite_R","Metabolite","MetaboliteName","Class","ClassName","Color","ColorRgb"
"1","C0","C0","Carnitine","ACC","Acylcarnitines","darkgray","#A9A9A9"
"2","C10","C10","Decanoylcarnitine ","ACC","Acylcarnitines","darkgray","#A9A9A9"
"3","C10.1","C10:1","Decenoylcarnitine","ACC","Acylcarnitines","darkgray","#A9A9A9"
"4","C10.2","C10:2","Decadienylcarnitine","ACC","Acylcarnitines","darkgray","#A9A9A9"
"5","C12","C12","Dodecanoylcarnitine","ACC","Acylcarnitines","darkgray","#A9A9A9"
"6","C12.DC","C12-DC","Dodecanedioylcarnitine","ACC","Acylcarnitines","darkgray","#A9A9A9"
"7","C12.1","C12:1","Dodecenoylcarnitine","ACC","Acylcarnitines","darkgray","#A9A9A9"
"8","C14","C14","Tetradecanoylcarnitine ","ACC","Acylcarnitines","darkgray","#A9A9A9"
"9","C14.1","C14:1","Tetradecenoylcarnitine","ACC","Acylcarnitines","darkgray","#A9A9A9"
"10","C14.1.OH","C14:1-OH","Hydroxytetradecenoylcarnitine","ACC","Acylcarnitines","darkgray","#A9A9A9"
"11","C14.2","C14:2","Tetradecadienylcarnitine","ACC","Acylcarnitines","darkgray","#A9A9A9"
"12","C14.2.OH","C14:2-OH","Hydroxytetradecadienylcarnitine","ACC","Acylcarnitines","darkgray","#A9A9A9"
"13","C16","C16","Hexadecanoylcarnitine","ACC","Acylcarnitines","darkgray","#A9A9A9"
"14","C16.OH","C16-OH","Hydroxyhexadecanoylcarnitine","ACC","Acylcarnitines","darkgray","#A9A9A9"
"15","C16.1","C16:1","Hexadecenoylcarnitine","ACC","Acylcarnitines","darkgray","#A9A9A9"
"16","C16.1.OH","C16:1-OH","Hydroxyhexadecenoylcarnitine","ACC","Acylcarnitines","darkgray","#A9A9A9"
"17","C16.2","C16:2","Hexadecadienylcarnitine","ACC","Acylcarnitines","darkgray","#A9A9A9"
"18","C16.2.OH","C16:2-OH","Hydroxyhexadecadienylcarnitine","ACC","Acylcarnitines","darkgray","#A9A9A9"
"19","C18","C18","Octadecanoylcarnitine","ACC","Acylcarnitines","darkgray","#A9A9A9"
"20","C18.1","C18:1","Octadecenoylcarnitine","ACC","Acylcarnitines","darkgray","#A9A9A9"
"21","C18.1.OH","C18:1-OH","Hydroxyoctadecenoylcarnitine","ACC","Acylcarnitines","darkgray","#A9A9A9"
"22","C18.2","C18:2","Octadecadienylcarnitine","ACC","Acylcarnitines","darkgray","#A9A9A9"
"23","C2","C2","Acetylcarnitine","ACC","Acylcarnitines","darkgray","#A9A9A9"
"24","C3","C3","Propionylcarnitine","ACC","Acylcarnitines","darkgray","#A9A9A9"
"25","C3.DC..C4.OH.","C4-OH (C3-DC)","Hydroxybutyrylcarnitine (Malonylcarnitine)","ACC","Acylcarnitines","darkgray","#A9A9A9"
"26","C3.OH","C3-OH","Hydroxypropionylcarnitine","ACC","Acylcarnitines","darkgray","#A9A9A9"
"27","C3.1","C3:1","Propenoylcarnitine","ACC","Acylcarnitines","darkgray","#A9A9A9"
"28","C4","C4","Butyrylcarnitine","ACC","Acylcarnitines","darkgray","#A9A9A9"
"29","C4.1","C4:1","Butenylcarnitine","ACC","Acylcarnitines","darkgray","#A9A9A9"
"30","C6..C4.1.DC.","C6 (C4:1-DC)","Hexanoylcarnitine (Fumarylcarnitine)","ACC","Acylcarnitines","darkgray","#A9A9A9"
"31","C5","C5","Valerylcarnitine","ACC","Acylcarnitines","darkgray","#A9A9A9"
"32","C5.M.DC","C5-M-DC","Methylglutarylcarnitine","ACC","Acylcarnitines","darkgray","#A9A9A9"
"33","C5.OH..C3.DC.M.","C5-OH (C3-DC-M)","Hydroxyvalerylcarnitine (Methylmalonylcarnitine)","ACC","Acylcarnitines","darkgray","#A9A9A9"
"34","C5.1","C5.1","Tiglylcarnitine","ACC","Acylcarnitines","darkgray","#A9A9A9"
"35","C5.1.DC","C5.1.DC","Glutaconylcarnitine","ACC","Acylcarnitines","darkgray","#A9A9A9"
"36","C5.DC..C6.OH.","C5-DC (C6-OH)","Glutarylcarnitine  (Hydroxyhexanoylcarnitine) ","ACC","Acylcarnitines","darkgray","#A9A9A9"
"37","C6.1","C6:1","Hexenoylcarnitine","ACC","Acylcarnitines","darkgray","#A9A9A9"
"38","C7.DC","C7-DC","Pimeloylcarnitine","ACC","Acylcarnitines","darkgray","#A9A9A9"
"39","C8","C8","Octanoylcarnitine","ACC","Acylcarnitines","darkgray","#A9A9A9"
"40","C9","C9","Nonaylcarnitine","ACC","Acylcarnitines","darkgray","#A9A9A9"
"41","Ala","Ala","Alanine","AA","Amino Acids","lightblue","#ADD8E6"
"42","Arg","Arg","Arginine","AA","Amino Acids","lightblue","#ADD8E6"
"43","Asn","Asn","Asparagine","AA","Amino Acids","lightblue","#ADD8E6"
"44","Asp","Asp","Aspartate","AA","Amino Acids","lightblue","#ADD8E6"
"45","Cit","Cit","Citrulline","AA","Amino Acids","lightblue","#ADD8E6"
"46","Gln","Gln","Glutamine","AA","Amino Acids","lightblue","#ADD8E6"
"47","Glu","Glu","Glutamate","AA","Amino Acids","lightblue","#ADD8E6"
"48","Gly","Gly","Glycine","AA","Amino Acids","lightblue","#ADD8E6"
"49","His","His","Histidine","AA","Amino Acids","lightblue","#ADD8E6"
"50","Ile","Ile","Isoleucine","AA","Amino Acids","lightblue","#ADD8E6"
"51","Leu","Leu","Leucine","AA","Amino Acids","lightblue","#ADD8E6"
"52","Lys","Lys","Lysine","AA","Amino Acids","lightblue","#ADD8E6"
"53","Met","Met","Methionine","AA","Amino Acids","lightblue","#ADD8E6"
"54","Orn","Orn","Ornithine","AA","Amino Acids","lightblue","#ADD8E6"
"55","Phe","Phe","Phenylalanine","AA","Amino Acids","lightblue","#ADD8E6"
"56","Pro","Pro","Proline","AA","Amino Acids","lightblue","#ADD8E6"
"57","Ser","Ser","Serine","AA","Amino Acids","lightblue","#ADD8E6"
"58","Thr","Thr","Threonine","AA","Amino Acids","lightblue","#ADD8E6"
"59","Trp","Trp","Tryptophan","AA","Amino Acids","lightblue","#ADD8E6"
"60","Tyr","Tyr","Tyrosine","AA","Amino Acids","lightblue","#ADD8E6"
"61","Val","Val","Valine","AA","Amino Acids","lightblue","#ADD8E6"
"62","Ac.Orn","Ac-Orn","Acetylornithine","BA","Biogenic Amines","darkred","#8B0000"
"63","ADMA","ADMA","Asymmetric dimethylarginine","BA","Biogenic Amines","darkred","#8B0000"
"64","alpha.AAA","Alpha-AAA","Alpha-Aminoadipic acid","BA","Biogenic Amines","darkred","#8B0000"
"65","c4.OH.Pro","c4-OH-Pro","cis-4-Hydroxyproline","BA","Biogenic Amines","darkred","#8B0000"
"66","Carnosine","Carnosine","Carnosine","BA","Biogenic Amines","darkred","#8B0000"
"67","Creatinine","Creatinine","Creatinine","BA","Biogenic Amines","darkred","#8B0000"
"68","DOPA","DOPA","Dihydroxyphenylalanine ","BA","Biogenic Amines","darkred","#8B0000"
"69","Dopamine","Dopamine","Dopamine","BA","Biogenic Amines","darkred","#8B0000"
"70","Histamine","Histamine","Histamine","BA","Biogenic Amines","darkred","#8B0000"
"71","Kynurenine","Kynurenine","Kynurenine","BA","Biogenic Amines","darkred","#8B0000"
"72","Met.SO","Met-SO","Methionine sulfoxide ","BA","Biogenic Amines","darkred","#8B0000"
"73","Nitro.Tyr","Nitro.Tyr","Nitrotyrosine ","BA","Biogenic Amines","darkred","#8B0000"
"74","PEA","PEA","Phenylethylamine","BA","Biogenic Amines","darkred","#8B0000"
"75","Putrescine","Putrescine","Putrescine","BA","Biogenic Amines","darkred","#8B0000"
"76","SDMA","SDMA","Symmetric dimethylarginine","BA","Biogenic Amines","darkred","#8B0000"
"77","Serotonin","Serotonin","Serotonin","BA","Biogenic Amines","darkred","#8B0000"
"78","Spermidine","Spermidine","Spermidine","BA","Biogenic Amines","darkred","#8B0000"
"79","Spermine","Spermine","Spermine","BA","Biogenic Amines","darkred","#8B0000"
"80","t4.OH.Pro","t4.OH.Pro","trans-4-Hydroxyproline","BA","Biogenic Amines","darkred","#8B0000"
"81","Taurine","Taurine","Taurine","BA","Biogenic Amines","darkred","#8B0000"
"83","lysoPC.a.C14.0","lysoPC a C14:0","lysoPC a C14:0","LPC","Lyso-Phosphatidylcholines","lightgreen","#90EE90"
"84","lysoPC.a.C16.0","lysoPC a C16:0","lysoPC a C16:0","LPC","Lyso-Phosphatidylcholines","lightgreen","#90EE90"
"85","lysoPC.a.C16.1","lysoPC a C16:1","lysoPC a C16:1","LPC","Lyso-Phosphatidylcholines","lightgreen","#90EE90"
"86","lysoPC.a.C17.0","lysoPC a C17:0","lysoPC a C17:0","LPC","Lyso-Phosphatidylcholines","lightgreen","#90EE90"
"87","lysoPC.a.C18.0","lysoPC a C18:0","lysoPC a C18:0","LPC","Lyso-Phosphatidylcholines","lightgreen","#90EE90"
"88","lysoPC.a.C18.1","lysoPC a C18:1","lysoPC a C18:1","LPC","Lyso-Phosphatidylcholines","lightgreen","#90EE90"
"89","lysoPC.a.C18.2","lysoPC a C18:2","lysoPC a C18:2","LPC","Lyso-Phosphatidylcholines","lightgreen","#90EE90"
"90","lysoPC.a.C20.3","lysoPC a C20:3","lysoPC a C20:3","LPC","Lyso-Phosphatidylcholines","lightgreen","#90EE90"
"91","lysoPC.a.C20.4","lysoPC a C20:4","lysoPC a C20:4","LPC","Lyso-Phosphatidylcholines","lightgreen","#90EE90"
"92","lysoPC.a.C24.0","lysoPC a C24:0","lysoPC a C24:0","LPC","Lyso-Phosphatidylcholines","lightgreen","#90EE90"
"93","lysoPC.a.C26.0","lysoPC a C26:0","lysoPC a C26:0","LPC","Lyso-Phosphatidylcholines","lightgreen","#90EE90"
"94","lysoPC.a.C26.1","lysoPC a C26:1","lysoPC a C26:1","LPC","Lyso-Phosphatidylcholines","lightgreen","#90EE90"
"95","lysoPC.a.C28.0","lysoPC a C28:0","lysoPC a C28:0","LPC","Lyso-Phosphatidylcholines","lightgreen","#90EE90"
"96","lysoPC.a.C28.1","lysoPC a C28:1","lysoPC a C28:1","LPC","Lyso-Phosphatidylcholines","lightgreen","#90EE90"
"97","PC.aa.C24.0","PC aa C24:0","PC aa C24:0","PC","Phosphatidylcholines","darkgreen","#006400"
"98","PC.aa.C26.0","PC aa C26:0","PC aa C26:0","PC","Phosphatidylcholines","darkgreen","#006400"
"99","PC.aa.C28.1","PC aa C28:1","PC aa C28:1","PC","Phosphatidylcholines","darkgreen","#006400"
"100","PC.aa.C30.0","PC aa C30:0","PC aa C30:0","PC","Phosphatidylcholines","darkgreen","#006400"
"101","PC.aa.C30.2","PC aa C30:2","PC aa C30:2","PC","Phosphatidylcholines","darkgreen","#006400"
"102","PC.aa.C32.0","PC aa C32:0","PC aa C32:0","PC","Phosphatidylcholines","darkgreen","#006400"
"103","PC.aa.C32.1","PC aa C32:1","PC aa C32:1","PC","Phosphatidylcholines","darkgreen","#006400"
"104","PC.aa.C32.2","PC aa C32:2","PC aa C32:2","PC","Phosphatidylcholines","darkgreen","#006400"
"105","PC.aa.C32.3","PC aa C32:3","PC aa C32:3","PC","Phosphatidylcholines","darkgreen","#006400"
"106","PC.aa.C34.1","PC aa C34:1","PC aa C34:1","PC","Phosphatidylcholines","darkgreen","#006400"
"107","PC.aa.C34.2","PC aa C34:2","PC aa C34:2","PC","Phosphatidylcholines","darkgreen","#006400"
"108","PC.aa.C34.3","PC aa C34:3","PC aa C34:3","PC","Phosphatidylcholines","darkgreen","#006400"
"109","PC.aa.C34.4","PC aa C34:4","PC aa C34:4","PC","Phosphatidylcholines","darkgreen","#006400"
"110","PC.aa.C36.0","PC aa C36:0","PC aa C36:0","PC","Phosphatidylcholines","darkgreen","#006400"
"111","PC.aa.C36.1","PC aa C36:1","PC aa C36:1","PC","Phosphatidylcholines","darkgreen","#006400"
"112","PC.aa.C36.2","PC aa C36:2","PC aa C36:2","PC","Phosphatidylcholines","darkgreen","#006400"
"113","PC.aa.C36.3","PC aa C36:3","PC aa C36:3","PC","Phosphatidylcholines","darkgreen","#006400"
"114","PC.aa.C36.4","PC aa C36:4","PC aa C36:4","PC","Phosphatidylcholines","darkgreen","#006400"
"115","PC.aa.C36.5","PC aa C36:5","PC aa C36:5","PC","Phosphatidylcholines","darkgreen","#006400"
"116","PC.aa.C36.6","PC aa C36:6","PC aa C36:6","PC","Phosphatidylcholines","darkgreen","#006400"
"117","PC.aa.C38.0","PC aa C38:0","PC aa C38:0","PC","Phosphatidylcholines","darkgreen","#006400"
"118","PC.aa.C38.1","PC aa C38:1","PC aa C38:1","PC","Phosphatidylcholines","darkgreen","#006400"
"119","PC.aa.C38.3","PC aa C38:3","PC aa C38:3","PC","Phosphatidylcholines","darkgreen","#006400"
"120","PC.aa.C38.4","PC aa C38:4","PC aa C38:4","PC","Phosphatidylcholines","darkgreen","#006400"
"121","PC.aa.C38.5","PC aa C38:5","PC aa C38:5","PC","Phosphatidylcholines","darkgreen","#006400"
"122","PC.aa.C38.6","PC aa C38:6","PC aa C38:6","PC","Phosphatidylcholines","darkgreen","#006400"
"123","PC.aa.C40.1","PC aa C40:1","PC aa C40:1","PC","Phosphatidylcholines","darkgreen","#006400"
"124","PC.aa.C40.2","PC aa C40:2","PC aa C40:2","PC","Phosphatidylcholines","darkgreen","#006400"
"125","PC.aa.C40.3","PC aa C40:3","PC aa C40:3","PC","Phosphatidylcholines","darkgreen","#006400"
"126","PC.aa.C40.4","PC aa C40:4","PC aa C40:4","PC","Phosphatidylcholines","darkgreen","#006400"
"127","PC.aa.C40.5","PC aa C40:5","PC aa C40:5","PC","Phosphatidylcholines","darkgreen","#006400"
"128","PC.aa.C40.6","PC aa C40:6","PC aa C40:6","PC","Phosphatidylcholines","darkgreen","#006400"
"129","PC.aa.C42.0","PC aa C42:0","PC aa C42:0","PC","Phosphatidylcholines","darkgreen","#006400"
"130","PC.aa.C42.1","PC aa C42:1","PC aa C42:1","PC","Phosphatidylcholines","darkgreen","#006400"
"131","PC.aa.C42.2","PC aa C42:2","PC aa C42:2","PC","Phosphatidylcholines","darkgreen","#006400"
"132","PC.aa.C42.4","PC aa C42:4","PC aa C42:4","PC","Phosphatidylcholines","darkgreen","#006400"
"133","PC.aa.C42.5","PC aa C42:5","PC aa C42:5","PC","Phosphatidylcholines","darkgreen","#006400"
"134","PC.aa.C42.6","PC aa C42:6","PC aa C42:6","PC","Phosphatidylcholines","darkgreen","#006400"
"135","PC.ae.C30.0","PC ae C30:0","PC ae C30:0","PC","Phosphatidylcholines","darkgreen","#006400"
"136","PC.ae.C30.1","PC ae C30:1","PC ae C30:1","PC","Phosphatidylcholines","darkgreen","#006400"
"137","PC.ae.C30.2","PC ae C30:2","PC ae C30:2","PC","Phosphatidylcholines","darkgreen","#006400"
"138","PC.ae.C32.1","PC ae C32:1","PC ae C32:1","PC","Phosphatidylcholines","darkgreen","#006400"
"139","PC.ae.C32.2","PC ae C32:2","PC ae C32:2","PC","Phosphatidylcholines","darkgreen","#006400"
"140","PC.ae.C34.0","PC ae C34:0","PC ae C34:0","PC","Phosphatidylcholines","darkgreen","#006400"
"141","PC.ae.C34.1","PC ae C34:1","PC ae C34:1","PC","Phosphatidylcholines","darkgreen","#006400"
"142","PC.ae.C34.2","PC ae C34:2","PC ae C34:2","PC","Phosphatidylcholines","darkgreen","#006400"
"143","PC.ae.C34.3","PC ae C34:3","PC ae C34:3","PC","Phosphatidylcholines","darkgreen","#006400"
"144","PC.ae.C36.0","PC ae C36:0","PC ae C36:0","PC","Phosphatidylcholines","darkgreen","#006400"
"145","PC.ae.C36.1","PC ae C36:1","PC ae C36:1","PC","Phosphatidylcholines","darkgreen","#006400"
"146","PC.ae.C36.2","PC ae C36:2","PC ae C36:2","PC","Phosphatidylcholines","darkgreen","#006400"
"147","PC.ae.C36.3","PC ae C36:3","PC ae C36:3","PC","Phosphatidylcholines","darkgreen","#006400"
"148","PC.ae.C36.4","PC ae C36:4","PC ae C36:4","PC","Phosphatidylcholines","darkgreen","#006400"
"149","PC.ae.C36.5","PC ae C36:5","PC ae C36:5","PC","Phosphatidylcholines","darkgreen","#006400"
"150","PC.ae.C38.0","PC ae C38:0","PC ae C38:0","PC","Phosphatidylcholines","darkgreen","#006400"
"151","PC.ae.C38.1","PC ae C38:1","PC ae C38:1","PC","Phosphatidylcholines","darkgreen","#006400"
"152","PC.ae.C38.2","PC ae C38:2","PC ae C38:2","PC","Phosphatidylcholines","darkgreen","#006400"
"153","PC.ae.C38.3","PC ae C38:3","PC ae C38:3","PC","Phosphatidylcholines","darkgreen","#006400"
"154","PC.ae.C38.4","PC ae C38:4","PC ae C38:4","PC","Phosphatidylcholines","darkgreen","#006400"
"155","PC.ae.C38.5","PC ae C38:5","PC ae C38:5","PC","Phosphatidylcholines","darkgreen","#006400"
"156","PC.ae.C38.6","PC ae C38:6","PC ae C38:6","PC","Phosphatidylcholines","darkgreen","#006400"
"157","PC.ae.C40.1","PC ae C40:1","PC ae C40:1","PC","Phosphatidylcholines","darkgreen","#006400"
"158","PC.ae.C40.2","PC ae C40:2","PC ae C40:2","PC","Phosphatidylcholines","darkgreen","#006400"
"159","PC.ae.C40.3","PC ae C40:3","PC ae C40:3","PC","Phosphatidylcholines","darkgreen","#006400"
"160","PC.ae.C40.4","PC ae C40:4","PC ae C40:4","PC","Phosphatidylcholines","darkgreen","#006400"
"161","PC.ae.C40.5","PC ae C40:5","PC ae C40:5","PC","Phosphatidylcholines","darkgreen","#006400"
"162","PC.ae.C40.6","PC ae C40:6","PC ae C40:6","PC","Phosphatidylcholines","darkgreen","#006400"
"163","PC.ae.C42.0","PC ae C42:0","PC ae C42:0","PC","Phosphatidylcholines","darkgreen","#006400"
"164","PC.ae.C42.1","PC ae C42:1","PC ae C42:1","PC","Phosphatidylcholines","darkgreen","#006400"
"165","PC.ae.C42.2","PC ae C42:2","PC ae C42:2","PC","Phosphatidylcholines","darkgreen","#006400"
"166","PC.ae.C42.3","PC ae C42:3","PC ae C42:3","PC","Phosphatidylcholines","darkgreen","#006400"
"167","PC.ae.C42.4","PC ae C42:4","PC ae C42:4","PC","Phosphatidylcholines","darkgreen","#006400"
"168","PC.ae.C42.5","PC ae C42:5","PC ae C42:5","PC","Phosphatidylcholines","darkgreen","#006400"
"169","PC.ae.C44.3","PC ae C44:3","PC ae C44:3","PC","Phosphatidylcholines","darkgreen","#006400"
"170","PC.ae.C44.4","PC ae C44:4","PC ae C44:4","PC","Phosphatidylcholines","darkgreen","#006400"
"171","PC.ae.C44.5","PC ae C44:5","PC ae C44:5","PC","Phosphatidylcholines","darkgreen","#006400"
"172","PC.ae.C44.6","PC ae C44:6","PC ae C44:6","PC","Phosphatidylcholines","darkgreen","#006400"
"173","SM..OH..C14.1","SM (OH) C14:1","SM (OH) C14:1","SM","Sphingomyelins","orange","#FFA500"
"174","SM..OH..C16.1","SM (OH) C16:1","SM (OH) C16:1","SM","Sphingomyelins","orange","#FFA500"
"175","SM..OH..C22.1","SM (OH) C22:1","SM (OH) C22:1","SM","Sphingomyelins","orange","#FFA500"
"176","SM..OH..C22.2","SM (OH) C22:2","SM (OH) C22:2","SM","Sphingomyelins","orange","#FFA500"
"177","SM..OH..C24.1","SM (OH) C24:1","SM (OH) C24:1","SM","Sphingomyelins","orange","#FFA500"
"178","SM.C16.0","SM C16:0","SM C16:0","SM","Sphingomyelins","orange","#FFA500"
"179","SM.C16.1","SM C16:1","SM C16:1","SM","Sphingomyelins","orange","#FFA500"
"180","SM.C18.0","SM C18:0","SM C18:0","SM","Sphingomyelins","orange","#FFA500"
"181","SM.C18.1","SM C18:1","SM C18:1","SM","Sphingomyelins","orange","#FFA500"
"182","SM.C20.2","SM C20:2","SM C20:2","SM","Sphingomyelins","orange","#FFA500"
"183","SM.C22.3","SM C22:3","SM C22:3","SM","Sphingomyelins","orange","#FFA500"
"184","SM.C24.0","SM C24:0","SM C24:0","SM","Sphingomyelins","orange","#FFA500"
"185","SM.C24.1","SM C24:1","SM C24:1","SM","Sphingomyelins","orange","#FFA500"
"186","SM.C26.0","SM C26:0","SM C26:0","SM","Sphingomyelins","orange","#FFA500"
"187","SM.C26.1","SM C26:1","SM C26:1","SM","Sphingomyelins","orange","#FFA500"
"188","H1","H1","H1","H","Hexoses","darkblue","#00008B"
